,proj_id,awards,domain
0,2908089,390.0,7
1,2909696,200.0,7
2,2909401,300.0,7
3,2909378,450.0,7
4,2909457,750.0,9
5,2909391,200.0,7
6,2909411,200.0,6
7,2898285,250.0,7
8,2892334,200.0,7
9,2909355,300.0,7
10,2908220,200.0,7
11,2908835,250.0,7
12,2908405,390.0,7
13,2909574,200.0,7
14,2906513,750.0,9
15,2909282,300.0,7
16,2908900,200.0,7
17,2909375,200.0,7
18,2909222,200.0,7
19,2909354,350.0,7
20,2909367,200.0,7
21,2909528,200.0,7
22,2907331,200.0,7
23,2909312,200.0,5
24,2909288,200.0,7
25,2909330,400.0,7
26,2909177,250.0,7
27,2909105,300.0,7
28,2909568,200.0,7
29,2908278,200.0,7
30,2906345,300.0,7
31,2907820,300.0,7
32,2908916,300.0,7
33,2908982,200.0,7
34,2907917,200.0,7
35,2907700,540.0,10
36,2909181,250.0,7
37,2909291,300.0,7
38,2908987,200.0,3
39,2908793,200.0,7
40,2902933,200.0,7
41,2909007,200.0,7
42,2907134,225.0,7
43,2909310,250.0,7
44,2908854,540.0,10
45,2909246,200.0,7
46,2908862,300.0,7
47,2909245,200.0,7
48,2909515,250.0,7
49,2906265,200.0,7
50,2909221,200.0,7
51,2908915,250.0,7
52,2905902,400.0,7
53,2909211,270.0,7
54,2909206,300.0,7
55,2908768,230.0,7
56,2909178,200.0,7
57,2908677,200.0,7
58,2909169,400.0,7
59,2909302,620.0,3
60,2908598,200.0,7
61,2908670,200.0,7
62,2907768,200.0,7
63,2909145,200.0,7
64,2908898,300.0,7
65,2908855,200.0,7
66,2909112,725.0,7
67,2909142,200.0,7
68,2909343,300.0,7
69,2901982,200.0,7
70,2908798,300.0,7
71,2909040,200.0,7
72,2908799,300.0,7
73,2908821,200.0,7
74,2908789,200.0,5
75,2909295,200.0,7
76,2908879,200.0,7
77,2909106,250.0,7
78,2908560,200.0,10
79,2909094,200.0,7
80,2909056,200.0,10
81,2909082,250.0,7
82,2908678,200.0,7
83,2907089,200.0,7
84,2909077,300.0,7
85,2908766,200.0,7
86,2908034,200.0,7
87,2909060,200.0,7
88,2909061,200.0,7
89,2909026,450.0,5
90,2909011,200.0,6
91,2908999,240.0,7
92,2908407,200.0,7
93,2909132,200.0,7
94,2908590,250.0,7
95,2908998,200.0,7
96,2909168,200.0,7
97,2908952,200.0,7
98,2909072,200.0,7
99,2909067,200.0,7
100,2907921,300.0,7
101,2908612,750.0,9
102,2908890,500.0,7
103,2908607,500.0,9
104,2908947,300.0,7
105,2906985,250.0,9
106,2908763,200.0,7
107,2908536,200.0,7
108,2908172,0.0,7
109,2908975,200.0,7
110,2908769,450.0,9
111,2896669,200.0,7
112,2908743,250.0,9
113,2906481,225.0,7
114,2908950,200.0,7
115,2908079,500.0,10
116,2908941,500.0,7
117,2908283,200.0,7
118,2908624,300.0,7
119,2908901,200.0,7
120,2909062,200.0,7
121,2908754,200.0,7
122,2908936,200.0,7
123,2907645,200.0,7
124,2908368,300.0,7
125,2908175,300.0,7
126,2908861,200.0,7
127,2908016,265.0,7
128,2908762,200.0,7
129,2908751,200.0,7
130,2908406,200.0,7
131,2908451,300.0,7
132,2902523,200.0,7
133,2908748,200.0,7
134,2908809,300.0,7
135,2908848,200.0,7
136,2908792,200.0,7
137,2908673,200.0,7
138,2908954,200.0,7
139,2908827,200.0,7
140,2907666,250.0,7
141,2909027,375.0,7
142,2908807,400.0,3
143,2908512,250.0,7
144,2908810,225.0,7
145,2908707,300.0,7
146,2908419,300.0,7
147,2908619,245.0,5
148,2908009,200.0,7
149,2908773,250.0,9
150,2908031,200.0,7
151,2908622,200.0,7
152,2908069,200.0,7
153,2908098,200.0,7
154,2908460,200.0,7
155,2908343,200.0,7
156,2908243,200.0,7
157,2908453,200.0,7
158,2908760,200.0,7
159,2908709,400.0,5
160,2908627,400.0,7
161,2908692,300.0,7
162,2908611,200.0,7
163,2907847,285.0,7
164,2908558,200.0,7
165,2908688,300.0,7
166,2908681,500.0,3
167,2908679,200.0,7
168,2908206,200.0,7
169,2908350,200.0,7
170,2908530,200.0,7
171,2908675,200.0,7
172,2908302,850.0,2
173,2908190,200.0,7
174,2908641,275.0,7
175,2908168,475.0,9
176,2908588,480.0,10
177,2908667,200.0,7
178,2906714,200.0,7
179,2908509,250.0,7
180,2907920,200.0,7
181,2908010,200.0,7
182,2908718,500.0,7
183,2908725,200.0,7
184,2908466,200.0,7
185,2906433,200.0,7
186,2908470,200.0,7
187,2908394,200.0,7
188,2908540,435.0,5
189,2907937,300.0,7
190,2908775,200.0,7
191,2900605,200.0,7
192,2908300,300.0,7
193,2908561,250.0,7
194,2908543,200.0,7
195,2908173,200.0,7
196,2908422,200.0,7
197,2908479,200.0,7
198,2908426,200.0,7
199,2907935,200.0,7
200,2908687,200.0,7
201,2908501,400.0,7
202,2908559,250.0,7
203,2908207,400.0,7
204,2908487,260.0,7
205,2908166,200.0,7
206,2908147,200.0,7
207,2904379,475.0,7
208,2908443,200.0,7
209,2908462,200.0,7
210,2906758,225.0,10
211,2908468,200.0,7
212,2908420,250.0,5
213,2908291,385.0,7
214,2908435,200.0,7
215,2908434,200.0,7
216,2907392,420.0,9
217,2908424,200.0,7
218,2908659,200.0,7
219,2908391,200.0,5
220,2901306,540.0,10
221,2908067,300.0,7
222,2908068,250.0,7
223,2907511,200.0,7
224,2906271,275.0,7
225,2907831,300.0,7
226,2908399,200.0,7
227,2908136,300.0,7
228,2902406,750.0,9
229,2908573,200.0,7
230,2906759,200.0,7
231,2908006,300.0,7
232,2908262,200.0,7
233,2908164,420.0,9
234,2907758,200.0,7
235,2908299,200.0,7
236,2908380,200.0,7
237,2908282,300.0,7
238,2908342,200.0,7
239,2908101,255.0,7
240,2908320,200.0,7
241,2908008,300.0,7
242,2908033,300.0,7
243,2907436,250.0,9
244,2908498,200.0,7
245,2908332,200.0,7
246,2908154,200.0,10
247,2908425,540.0,10
248,2908306,300.0,7
249,2908296,250.0,7
250,2908239,200.0,6
251,2908018,200.0,7
252,2908120,500.0,7
253,2908222,250.0,7
254,2908199,300.0,7
255,2906459,500.0,5
256,2908211,200.0,7
257,2907962,200.0,7
258,2906800,250.0,9
259,2908182,200.0,7
260,2908080,500.0,7
261,2908143,420.0,9
262,2908013,285.0,7
263,2907725,200.0,7
264,2906109,240.0,7
265,2908334,300.0,7
266,2908174,300.0,7
267,2907672,250.0,7
268,2907958,200.0,7
269,2908152,200.0,7
270,2907940,300.0,7
271,2908026,400.0,5
272,2906390,200.0,7
273,2907826,305.0,7
274,2901206,200.0,7
275,2907675,280.0,7
276,2908060,200.0,7
277,2908242,200.0,7
278,2907685,300.0,7
279,2907570,250.0,7
280,2907233,200.0,7
281,2907380,300.0,7
282,2908041,300.0,7
283,2908039,200.0,6
284,2907947,420.0,7
285,2908036,300.0,7
286,2906401,360.0,7
287,2907463,300.0,5
288,2907959,200.0,7
289,2907859,200.0,5
290,2907924,255.0,7
291,2908003,300.0,7
292,2903136,200.0,7
293,2907881,275.0,7
294,2907862,250.0,5
295,2907642,200.0,7
296,2908055,250.0,7
297,2907929,200.0,7
298,2907778,200.0,7
299,2906522,500.0,7
300,2905921,300.0,7
301,2905844,540.0,10
302,2905063,660.0,7
303,2907742,725.0,7
304,2907905,250.0,7
305,2907247,250.0,7
306,2906095,500.0,7
307,2907438,200.0,7
308,2906207,530.0,7
309,2907869,200.0,7
310,2907684,200.0,7
311,2907654,200.0,7
312,2907708,200.0,5
313,2907836,200.0,7
314,2907765,200.0,7
315,2896749,200.0,7
316,2907797,225.0,10
317,2907819,200.0,7
318,2907815,200.0,7
319,2908029,200.0,7
320,2907805,200.0,7
321,2907759,200.0,7
322,2907794,200.0,7
323,2905906,725.0,7
324,2906142,285.0,7
325,2907776,200.0,7
326,2907298,200.0,7
327,2907302,200.0,7
328,2907220,750.0,9
329,2907761,200.0,7
330,2907891,200.0,7
331,2907624,200.0,7
332,2906953,200.0,7
333,2905871,250.0,9
334,2907639,300.0,7
335,2907722,200.0,7
336,2907724,200.0,7
337,2907415,200.0,7
338,2906505,200.0,7
339,2907379,200.0,7
340,2907265,200.0,7
341,2907332,200.0,7
342,2907714,250.0,7
343,2907156,200.0,7
344,2906687,200.0,7
345,2907468,200.0,5
346,2907540,200.0,7
347,2906051,200.0,7
348,2907801,300.0,7
349,2907483,200.0,7
350,2905752,750.0,5
351,2907105,200.0,7
352,2907442,200.0,7
353,2907439,300.0,7
354,2907423,350.0,7
355,2907532,300.0,7
356,2905933,300.0,7
357,2905935,250.0,7
358,2907810,725.0,7
359,2905147,200.0,7
360,2907128,200.0,7
361,2907207,200.0,7
362,2907223,200.0,7
363,2906490,200.0,7
364,2905331,200.0,7
365,2907712,200.0,7
366,2906683,900.0,7
367,2907458,200.0,7
368,2907489,200.0,7
369,2907090,200.0,7
370,2907492,200.0,7
371,2903157,300.0,7
372,2905885,200.0,7
373,2900030,1000.0,7
374,2907178,200.0,7
375,2907769,200.0,7
376,2907080,300.0,7
377,2907369,200.0,6
378,2906794,200.0,7
379,2906477,200.0,7
380,2907299,200.0,7
381,2907526,200.0,7
382,2907337,250.0,9
383,2906928,200.0,7
384,2906751,200.0,7
385,2907340,300.0,7
386,2907310,200.0,7
387,2907196,300.0,7
388,2907325,235.0,7
389,2907081,300.0,7
390,2907561,200.0,7
391,2906531,600.0,7
392,2906518,200.0,10
393,2907197,420.0,7
394,2907314,200.0,7
395,2907385,200.0,7
396,2906389,200.0,7
397,2907162,300.0,7
398,2907267,200.0,7
399,2907246,250.0,7
400,2907262,200.0,7
401,2907258,200.0,7
402,2907130,200.0,7
403,2905264,250.0,5
404,2907229,200.0,7
405,2907021,200.0,7
406,2904830,530.0,7
407,2906685,200.0,7
408,2896947,600.0,7
409,2906493,210.0,7
410,2906476,200.0,7
411,2907159,200.0,7
412,2907153,200.0,7
413,2906968,420.0,7
414,2905629,300.0,10
415,2907027,300.0,7
416,2906187,300.0,9
417,2906942,200.0,7
418,2906923,500.0,7
419,2907135,200.0,7
420,2902206,200.0,7
421,2904462,325.0,7
422,2906980,300.0,10
423,2907330,200.0,7
424,2906250,995.0,9
425,2905707,355.0,7
426,2906724,200.0,7
427,2906535,350.0,7
428,2906605,300.0,7
429,2906970,260.0,7
430,2905589,300.0,7
431,2906495,200.0,7
432,2904125,200.0,7
433,2907045,200.0,7
434,2906975,300.0,7
435,2906874,200.0,7
436,2906538,200.0,7
437,2906716,250.0,7
438,2906972,200.0,7
439,2906955,300.0,7
440,2907211,200.0,5
441,2904880,250.0,7
442,2906908,250.0,7
443,2906941,200.0,7
444,2906910,200.0,7
445,2906032,200.0,7
446,2906977,200.0,7
447,2906773,925.0,7
448,2906741,200.0,7
449,2906637,200.0,7
450,2906916,285.0,7
451,2905131,200.0,7
452,2907009,200.0,7
453,2905793,200.0,7
454,2906837,200.0,7
455,2906346,200.0,7
456,2905974,330.0,5
457,2905317,200.0,7
458,2903375,0.0,6
459,2906594,200.0,7
460,2902664,200.0,7
461,2906739,200.0,7
462,2906700,200.0,7
463,2906709,200.0,5
464,2906548,300.0,7
465,2906845,200.0,7
466,2906834,200.0,7
467,2906798,700.0,7
468,2906795,285.0,7
469,2904718,390.0,7
470,2900663,200.0,7
471,2906652,200.0,7
472,2906333,250.0,7
473,2906297,200.0,7
474,2906446,200.0,7
475,2906489,200.0,7
476,2906533,200.0,7
477,2906435,200.0,7
478,2905760,200.0,7
479,2906600,200.0,7
480,2906516,400.0,2
481,2906042,250.0,3
482,2906558,200.0,7
483,2906034,200.0,7
484,2906676,300.0,7
485,2906615,200.0,7
486,2905004,300.0,7
487,2905278,200.0,7
488,2906488,200.0,7
489,2906395,200.0,7
490,2906362,300.0,7
491,2906487,300.0,7
492,2906536,300.0,7
493,2906568,760.0,10
494,2906383,200.0,10
495,2906456,335.0,7
496,2906559,200.0,7
497,2904453,780.0,10
498,2904839,300.0,7
499,2904865,200.0,7
500,2905799,420.0,5
501,2906426,300.0,7
502,2906540,250.0,7
503,2906483,200.0,7
504,2906404,250.0,7
505,2906192,200.0,7
506,2906397,200.0,7
507,2906154,200.0,3
508,2906521,200.0,7
509,2905720,200.0,7
510,2906325,200.0,7
511,2906319,200.0,7
512,2906326,900.0,7
513,2904930,580.0,7
514,2906484,225.0,7
515,2906461,200.0,7
516,2905767,200.0,7
517,2906447,300.0,7
518,2906410,390.0,7
519,2904686,300.0,2
520,2905022,200.0,7
521,2906360,300.0,7
522,2896217,200.0,7
523,2906223,300.0,7
524,2906190,390.0,7
525,2906235,200.0,7
526,2906043,300.0,7
527,2895556,600.0,7
528,2904848,500.0,10
529,2891733,200.0,7
530,2891989,200.0,7
531,2892211,200.0,7
532,2892241,580.0,7
533,2892433,200.0,7
534,2892592,200.0,7
535,2892602,420.0,7
536,2892616,500.0,7
537,2892653,300.0,7
538,2892664,200.0,7
539,2892726,200.0,7
540,2892753,280.0,7
541,2892856,200.0,7
542,2892956,200.0,7
543,2893195,200.0,7
544,2893291,200.0,7
545,2893376,200.0,7
546,2893399,350.0,7
547,2893424,250.0,7
548,2893484,200.0,7
549,2893517,200.0,7
550,2893655,200.0,7
551,2893716,400.0,7
552,2893798,300.0,7
553,2893812,200.0,7
554,2893820,500.0,7
555,2893978,200.0,7
556,2893988,250.0,7
557,2894027,200.0,7
558,2894099,200.0,7
559,2894138,200.0,7
560,2894358,300.0,7
561,2894384,200.0,7
562,2894487,200.0,7
563,2894610,200.0,7
564,2894651,200.0,7
565,2894735,300.0,7
566,2894770,200.0,7
567,2894850,200.0,7
568,2894957,300.0,7
569,2895031,250.0,7
570,2895106,200.0,7
571,2895125,200.0,7
572,2895244,240.0,7
573,2895255,420.0,9
574,2895380,500.0,7
575,2895546,200.0,7
576,2895563,300.0,7
577,2895652,200.0,7
578,2895697,410.0,7
579,2895702,250.0,7
580,2895765,200.0,7
581,2895802,200.0,7
582,2895867,620.0,7
583,2895898,200.0,7
584,2896085,0.0,7
585,2896086,200.0,7
586,2896227,300.0,7
587,2896254,300.0,7
588,2896381,200.0,7
589,2896511,250.0,7
590,2896575,350.0,7
591,2896586,1615.0,7
592,2896628,300.0,7
593,2896718,200.0,7
594,2896848,250.0,7
595,2896854,200.0,7
596,2896956,250.0,7
597,2896971,200.0,7
598,2896972,200.0,7
599,2897028,350.0,7
600,2897092,300.0,7
601,2897094,200.0,7
602,2897096,200.0,7
603,2897149,200.0,7
604,2897309,900.0,7
605,2897331,200.0,7
606,2897365,200.0,7
607,2897445,200.0,7
608,2897650,200.0,7
609,2897774,1000.0,7
610,2897881,200.0,7
611,2897914,300.0,7
612,2898004,600.0,7
613,2898009,200.0,7
614,2898077,200.0,7
615,2898287,250.0,7
616,2898311,200.0,7
617,2898316,250.0,7
618,2898380,300.0,7
619,2898571,2200.0,7
620,2898598,250.0,7
621,2898723,200.0,7
622,2898756,200.0,7
623,2898883,200.0,7
624,2898971,200.0,7
625,2899008,200.0,7
626,2899258,275.0,7
627,2899276,405.0,7
628,2899385,200.0,7
629,2899422,300.0,7
630,2899455,900.0,7
631,2899469,200.0,7
632,2899504,200.0,7
633,2899561,250.0,7
634,2899588,900.0,7
635,2899696,505.0,7
636,2899702,250.0,7
637,2899813,250.0,7
638,2900125,300.0,7
639,2900261,200.0,7
640,2900266,200.0,7
641,2900601,400.0,7
642,2900656,200.0,7
643,2900705,350.0,5
644,2900763,200.0,7
645,2900888,200.0,7
646,2901148,300.0,7
647,2901270,200.0,7
648,2901279,200.0,5
649,2901320,200.0,7
650,2901363,300.0,7
651,2901379,200.0,7
652,2901408,225.0,7
653,2901423,400.0,7
654,2901445,200.0,7
655,2901595,840.0,2
656,2901603,350.0,7
657,2901733,200.0,7
658,2901758,200.0,7
659,2901768,250.0,7
660,2901803,510.0,7
661,2901841,420.0,5
662,2901844,200.0,7
663,2901935,200.0,7
664,2901997,200.0,7
665,2902042,200.0,7
666,2902054,200.0,7
667,2902065,300.0,7
668,2902225,200.0,5
669,2902237,200.0,7
670,2902273,200.0,7
671,2902291,200.0,7
672,2902337,330.0,7
673,2902367,200.0,7
674,2902407,300.0,7
675,2902414,200.0,7
676,2902449,200.0,7
677,2902452,200.0,7
678,2902511,300.0,7
679,2902596,200.0,7
680,2902629,205.0,7
681,2902648,200.0,7
682,2902655,300.0,7
683,2902673,200.0,7
684,2902676,200.0,7
685,2902688,1000.0,7
686,2902825,250.0,7
687,2902867,200.0,7
688,2902924,635.0,7
689,2902926,300.0,7
690,2902936,290.0,7
691,2903033,200.0,7
692,2903064,200.0,7
693,2903084,200.0,7
694,2903104,300.0,7
695,2903117,200.0,7
696,2903143,225.0,7
697,2903173,200.0,7
698,2903210,390.0,7
699,2903358,300.0,7
700,2903438,300.0,7
701,2903444,200.0,7
702,2903453,1000.0,7
703,2903497,200.0,7
704,2903515,200.0,7
705,2903520,200.0,7
706,2903523,200.0,7
707,2903592,200.0,7
708,2903607,500.0,2
709,2903672,300.0,7
710,2903795,200.0,7
711,2903800,300.0,7
712,2903818,235.0,7
713,2903836,200.0,7
714,2903864,200.0,7
715,2903903,325.0,7
716,2903932,300.0,7
717,2903963,200.0,7
718,2903992,200.0,7
719,2904005,300.0,7
720,2904331,200.0,7
721,2904403,200.0,7
722,2904508,250.0,7
723,2904513,200.0,7
724,2904553,255.0,7
725,2904555,1150.0,7
726,2904622,300.0,7
727,2904720,200.0,7
728,2904817,200.0,7
729,2904855,220.0,7
730,2904860,200.0,7
731,2904863,200.0,7
732,2904877,300.0,7
733,2904879,200.0,7
734,2904907,400.0,7
735,2904908,200.0,7
736,2904915,300.0,7
737,2904966,600.0,2
738,2905024,350.0,7
739,2905057,290.0,7
740,2905098,200.0,7
741,2905100,260.0,7
742,2905107,250.0,7
743,2905111,200.0,7
744,2905134,300.0,7
745,2905145,300.0,7
746,2905209,250.0,7
747,2905235,200.0,7
748,2905271,200.0,7
749,2905288,200.0,7
750,2905329,200.0,7
751,2905334,200.0,7
752,2905375,1215.0,7
753,2905384,200.0,7
754,2905401,600.0,7
755,2905427,200.0,7
756,2905444,200.0,7
757,2905475,200.0,7
758,2905476,200.0,7
759,2905494,200.0,7
760,2905509,200.0,7
761,2905539,300.0,7
762,2905645,200.0,7
763,2905669,200.0,7
764,2905683,200.0,7
765,2905685,200.0,7
766,2905717,200.0,7
767,2905733,200.0,7
768,2905739,250.0,7
769,2905783,200.0,7
770,2905919,200.0,7
771,2905936,200.0,7
772,2905985,200.0,7
773,2906016,200.0,7
774,2906059,300.0,7
775,2906061,300.0,7
776,2906068,200.0,7
777,2906104,200.0,7
778,2906122,390.0,7
779,2906133,200.0,7
780,2906168,200.0,7
781,2906174,200.0,7
782,2906229,200.0,7
783,2906386,200.0,7
784,2906193,200.0,7
785,2905997,200.0,5
786,2904849,200.0,3
787,2906266,200.0,7
788,2906305,265.0,7
789,2906097,200.0,7
790,2906162,200.0,7
791,2905568,200.0,7
792,2905898,250.0,7
793,2900397,300.0,7
794,2906105,265.0,7
795,2904560,200.0,7
796,2906320,200.0,7
797,2906179,200.0,7
798,2906541,200.0,7
799,2902080,500.0,9
800,2904574,250.0,7
801,2906177,250.0,7
802,2906300,200.0,7
803,2905926,200.0,7
804,2906189,300.0,7
805,2906094,200.0,7
806,2906093,400.0,3
807,2906058,250.0,9
808,2906067,200.0,7
809,2906249,200.0,7
810,2906169,295.0,5
811,2906014,200.0,7
812,2906384,390.0,7
813,2903877,400.0,7
814,2906186,505.0,6
815,2905385,300.0,7
816,2905848,200.0,7
817,2906063,250.0,5
818,2906309,200.0,7
819,2905224,200.0,7
820,2903845,200.0,7
821,2902128,250.0,7
822,2904377,200.0,7
823,2904381,200.0,7
824,2906098,250.0,9
825,2905066,300.0,7
826,2906116,200.0,7
827,2905908,350.0,7
828,2905894,420.0,7
829,2903670,350.0,7
830,2905945,350.0,3
831,2906065,200.0,7
832,2906148,200.0,7
833,2906005,480.0,10
834,2905748,200.0,7
835,2905863,200.0,7
836,2905850,250.0,7
837,2906033,200.0,7
838,2905854,300.0,7
839,2904498,200.0,7
840,2906050,300.0,7
841,2905798,200.0,7
842,2906025,350.0,7
843,2905001,500.0,7
844,2905792,200.0,7
845,2905955,200.0,7
846,2905260,750.0,9
847,2906018,200.0,7
848,2902136,350.0,7
849,2906002,300.0,7
850,2903794,200.0,7
851,2905591,540.0,10
852,2905930,240.0,7
853,2905335,200.0,7
854,2905599,300.0,7
855,2905757,200.0,7
856,2903443,300.0,7
857,2904057,200.0,7
858,2904082,250.0,5
859,2905290,200.0,7
860,2905801,1000.0,9
861,2905800,200.0,7
862,2897127,200.0,7
863,2904878,200.0,7
864,2904943,620.0,5
865,2903974,725.0,7
866,2903627,200.0,5
867,2905928,200.0,6
868,2905330,200.0,7
869,2903677,200.0,7
870,2905719,200.0,7
871,2905641,250.0,7
872,2905827,600.0,7
873,2905318,250.0,7
874,2905025,540.0,10
875,2905489,200.0,7
876,2905940,200.0,7
877,2905766,200.0,7
878,2905550,200.0,7
879,2905157,200.0,7
880,2905764,200.0,7
881,2905762,350.0,7
882,2905691,365.0,3
883,2905596,330.0,5
884,2905241,300.0,7
885,2905454,250.0,7
886,2905584,250.0,5
887,2905581,200.0,7
888,2905557,300.0,7
889,2903790,200.0,7
890,2905662,200.0,7
891,2905363,200.0,6
892,2905601,300.0,7
893,2901365,250.0,7
894,2905639,200.0,7
895,2905458,200.0,6
896,2905625,780.0,10
897,2905617,200.0,7
898,2905805,200.0,7
899,2904933,200.0,7
900,2905163,250.0,9
901,2905190,200.0,7
902,2905553,200.0,7
903,2905453,225.0,7
904,2905076,200.0,7
905,2905610,200.0,7
906,2905642,290.0,7
907,2905433,200.0,7
908,2905340,200.0,7
909,2905364,200.0,7
910,2905366,200.0,7
911,2905196,200.0,7
912,2905234,300.0,7
913,2903486,200.0,7
914,2891718,220.0,7
915,2891747,300.0,7
916,2891971,250.0,7
917,2892455,300.0,7
918,2892671,390.0,7
919,2892845,300.0,7
920,2893277,200.0,7
921,2893293,200.0,7
922,2893318,200.0,7
923,2893360,200.0,7
924,2893388,200.0,7
925,2893521,270.0,7
926,2893589,200.0,7
927,2893672,200.0,7
928,2894096,200.0,7
929,2894170,230.0,7
930,2894490,200.0,7
931,2894573,200.0,7
932,2894607,300.0,7
933,2894701,200.0,7
934,2894795,200.0,7
935,2894910,200.0,7
936,2894932,200.0,7
937,2895045,200.0,7
938,2895577,200.0,7
939,2895700,200.0,7
940,2895879,450.0,7
941,2895960,200.0,7
942,2896007,210.0,7
943,2896203,420.0,7
944,2896268,220.0,7
945,2896387,320.0,7
946,2896419,200.0,7
947,2896540,300.0,7
948,2896546,250.0,7
949,2896630,700.0,7
950,2896679,200.0,7
951,2896685,300.0,7
952,2896711,500.0,7
953,2896785,250.0,7
954,2896888,350.0,7
955,2896950,200.0,7
956,2897086,200.0,7
957,2897184,200.0,7
958,2897291,200.0,7
959,2897325,250.0,7
960,2897375,330.0,7
961,2897395,250.0,7
962,2897468,200.0,7
963,2897488,200.0,7
964,2897518,200.0,7
965,2897656,200.0,7
966,2897693,250.0,7
967,2897694,250.0,7
968,2897711,240.0,7
969,2897732,200.0,7
970,2897806,460.0,7
971,2897861,600.0,7
972,2898050,200.0,7
973,2898070,1100.0,10
974,2898074,200.0,7
975,2898238,200.0,7
976,2898275,200.0,7
977,2898367,230.0,7
978,2898471,200.0,7
979,2898516,200.0,7
980,2898798,200.0,7
981,2898820,300.0,7
982,2898846,700.0,7
983,2898873,600.0,7
984,2898920,300.0,7
985,2898925,200.0,7
986,2898957,500.0,7
987,2898976,200.0,7
988,2899016,245.0,7
989,2899080,200.0,7
990,2899117,245.0,7
991,2899121,200.0,7
992,2899134,400.0,7
993,2899256,250.0,7
994,2899268,200.0,7
995,2899317,200.0,7
996,2899368,250.0,7
997,2899464,300.0,7
998,2899515,200.0,7
999,2899525,200.0,7
1000,2899533,250.0,5
1001,2899571,300.0,7
1002,2899684,200.0,7
1003,2899687,200.0,7
1004,2899693,200.0,7
1005,2899694,200.0,7
1006,2899719,400.0,7
1007,2899725,350.0,7
1008,2899840,300.0,3
1009,2899885,300.0,7
1010,2899921,300.0,7
1011,2899927,245.0,7
1012,2899936,200.0,7
1013,2899964,400.0,7
1014,2899970,400.0,7
1015,2899974,250.0,7
1016,2900013,300.0,7
1017,2900031,400.0,7
1018,2900041,500.0,5
1019,2900077,200.0,7
1020,2900166,200.0,7
1021,2900186,200.0,7
1022,2900260,300.0,7
1023,2900302,200.0,7
1024,2900317,200.0,7
1025,2900332,200.0,7
1026,2900422,200.0,7
1027,2900449,245.0,7
1028,2900466,200.0,7
1029,2900551,200.0,7
1030,2900588,300.0,7
1031,2900654,200.0,7
1032,2900737,300.0,7
1033,2900738,300.0,7
1034,2900746,200.0,7
1035,2900749,275.0,3
1036,2900859,200.0,7
1037,2900885,200.0,7
1038,2900902,250.0,7
1039,2901017,200.0,7
1040,2901104,250.0,7
1041,2901181,300.0,7
1042,2901191,200.0,7
1043,2901280,300.0,2
1044,2901358,200.0,7
1045,2901376,390.0,7
1046,2901406,200.0,7
1047,2901415,200.0,7
1048,2901490,200.0,3
1049,2901497,200.0,7
1050,2901502,290.0,7
1051,2901527,200.0,7
1052,2901583,950.0,7
1053,2901597,200.0,7
1054,2901638,200.0,7
1055,2901639,200.0,5
1056,2901763,200.0,5
1057,2901799,300.0,7
1058,2901808,200.0,7
1059,2901820,200.0,7
1060,2901842,260.0,7
1061,2901883,255.0,7
1062,2901920,200.0,7
1063,2901953,300.0,7
1064,2901959,200.0,3
1065,2902041,300.0,7
1066,2902047,200.0,7
1067,2902089,300.0,7
1068,2902169,200.0,7
1069,2902172,200.0,7
1070,2902173,200.0,7
1071,2902192,300.0,7
1072,2902204,200.0,7
1073,2902223,200.0,7
1074,2902234,250.0,7
1075,2902253,370.0,7
1076,2902262,200.0,7
1077,2902302,200.0,7
1078,2902329,200.0,7
1079,2902342,200.0,7
1080,2902396,200.0,7
1081,2902454,375.0,7
1082,2902457,250.0,5
1083,2902594,300.0,7
1084,2902617,200.0,7
1085,2902632,200.0,7
1086,2902646,200.0,7
1087,2902649,200.0,7
1088,2902667,200.0,7
1089,2902692,220.0,7
1090,2902750,620.0,7
1091,2902771,200.0,7
1092,2902798,200.0,7
1093,2902810,450.0,5
1094,2902811,220.0,7
1095,2902870,200.0,7
1096,2902922,200.0,7
1097,2902949,200.0,7
1098,2902952,200.0,7
1099,2902956,300.0,3
1100,2902988,200.0,7
1101,2903077,200.0,7
1102,2903088,310.0,7
1103,2903093,350.0,5
1104,2903101,200.0,7
1105,2903103,200.0,7
1106,2903113,300.0,7
1107,2903137,200.0,7
1108,2903141,250.0,7
1109,2903149,220.0,7
1110,2903183,200.0,7
1111,2903186,200.0,7
1112,2903197,200.0,7
1113,2903237,200.0,7
1114,2903241,200.0,7
1115,2903245,200.0,7
1116,2903292,225.0,7
1117,2903344,330.0,5
1118,2903360,300.0,7
1119,2903367,250.0,7
1120,2903401,200.0,7
1121,2903481,200.0,7
1122,2903534,200.0,7
1123,2903542,200.0,7
1124,2903591,500.0,7
1125,2903596,250.0,5
1126,2903602,200.0,7
1127,2903613,200.0,7
1128,2903664,200.0,7
1129,2903694,200.0,7
1130,2903715,200.0,7
1131,2903750,200.0,7
1132,2903773,300.0,7
1133,2903838,300.0,7
1134,2903862,200.0,7
1135,2903953,300.0,7
1136,2903987,400.0,7
1137,2904000,290.0,7
1138,2904040,200.0,7
1139,2904061,200.0,7
1140,2904064,250.0,7
1141,2904088,460.0,7
1142,2904099,200.0,7
1143,2904128,200.0,7
1144,2904133,245.0,7
1145,2904152,1005.0,10
1146,2904168,200.0,7
1147,2904178,420.0,3
1148,2904217,200.0,3
1149,2904229,200.0,7
1150,2904231,200.0,7
1151,2904235,925.0,7
1152,2904253,200.0,7
1153,2904278,200.0,7
1154,2904292,200.0,7
1155,2904305,435.0,7
1156,2904343,250.0,7
1157,2904368,200.0,7
1158,2904409,200.0,7
1159,2904438,200.0,7
1160,2904452,305.0,5
1161,2904477,200.0,7
1162,2904518,250.0,7
1163,2904534,300.0,7
1164,2904549,200.0,7
1165,2904559,1200.0,10
1166,2904573,200.0,7
1167,2904616,420.0,7
1168,2904619,330.0,5
1169,2904632,200.0,7
1170,2904646,330.0,3
1171,2904714,200.0,7
1172,2904726,500.0,7
1173,2904730,200.0,7
1174,2904741,300.0,7
1175,2904768,200.0,7
1176,2904787,250.0,7
1177,2904794,200.0,5
1178,2904831,200.0,7
1179,2904869,200.0,7
1180,2904910,360.0,7
1181,2904917,300.0,7
1182,2904920,200.0,7
1183,2904921,300.0,7
1184,2904923,200.0,7
1185,2904931,200.0,7
1186,2904934,300.0,7
1187,2904968,200.0,7
1188,2904983,750.0,2
1189,2904992,400.0,7
1190,2904997,725.0,7
1191,2905005,300.0,7
1192,2905048,250.0,7
1193,2905178,600.0,7
1194,2905195,200.0,7
1195,2905206,200.0,7
1196,2905210,200.0,7
1197,2905285,200.0,7
1198,2905308,200.0,5
1199,2905319,200.0,6
1200,2905571,200.0,7
1201,2904958,660.0,3
1202,2905315,360.0,10
1203,2904603,200.0,3
1204,2904955,300.0,7
1205,2894560,400.0,7
1206,2904491,250.0,9
1207,2904884,200.0,7
1208,2904826,500.0,7
1209,2904339,200.0,7
1210,2904678,1000.0,7
1211,2904894,200.0,7
1212,2904902,200.0,7
1213,2904760,200.0,7
1214,2904659,200.0,7
1215,2904801,300.0,7
1216,2904804,540.0,10
1217,2904857,300.0,7
1218,2904392,360.0,10
1219,2904669,200.0,7
1220,2904628,300.0,7
1221,2904102,200.0,7
1222,2904410,300.0,7
1223,2904315,900.0,7
1224,2904319,200.0,7
1225,2904344,200.0,7
1226,2904487,200.0,7
1227,2904085,200.0,7
1228,2904407,200.0,7
1229,2904271,200.0,7
1230,2902515,780.0,9
1231,2904351,200.0,7
1232,2903758,400.0,7
1233,2904525,300.0,7
1234,2903920,900.0,7
1235,2904302,200.0,7
1236,2904509,200.0,7
1237,2904497,200.0,7
1238,2904645,200.0,7
1239,2904300,200.0,7
1240,2903243,300.0,3
1241,2903897,300.0,7
1242,2904408,580.0,10
1243,2901436,300.0,7
1244,2902874,400.0,6
1245,2902556,200.0,7
1246,2904239,300.0,7
1247,2904106,300.0,7
1248,2902917,200.0,7
1249,2901636,750.0,9
1250,2904277,200.0,7
1251,2904122,300.0,3
1252,2903969,200.0,7
1253,2902353,1000.0,10
1254,2902910,200.0,7
1255,2903423,200.0,7
1256,2903440,300.0,7
1257,2903907,200.0,7
1258,2903553,1500.0,10
1259,2903476,200.0,7
1260,2903829,200.0,7
1261,2903958,450.0,5
1262,2903806,275.0,7
1263,2903798,300.0,7
1264,2903797,300.0,7
1265,2903704,600.0,7
1266,2899852,200.0,7
1267,2903146,250.0,7
1268,2901927,200.0,7
1269,2903636,200.0,3
1270,2903265,200.0,7
1271,2903313,200.0,7
1272,2902066,200.0,7
1273,2903614,300.0,7
1274,2902263,200.0,7
1275,2903567,750.0,9
1276,2903600,200.0,7
1277,2902130,200.0,7
1278,2902072,420.0,5
1279,2903208,500.0,7
1280,2903422,200.0,7
1281,2903577,400.0,5
1282,2903762,300.0,10
1283,2903381,200.0,7
1284,2903363,200.0,7
1285,2901231,245.0,7
1286,2902806,200.0,7
1287,2902113,200.0,6
1288,2903588,200.0,7
1289,2903442,400.0,7
1290,2903448,200.0,7
1291,2902368,200.0,7
1292,2897499,250.0,7
1293,2903366,200.0,3
1294,2903418,250.0,5
1295,2903475,200.0,6
1296,2903309,275.0,6
1297,2903164,200.0,7
1298,2903267,300.0,7
1299,2903416,420.0,3
1300,2903154,300.0,7
1301,2903047,750.0,10
1302,2903227,200.0,7
1303,2903445,245.0,7
1304,2902982,200.0,7
1305,2902945,200.0,7
1306,2903377,360.0,5
1307,2903204,245.0,7
1308,2903097,400.0,7
1309,2903168,300.0,7
1310,2903138,200.0,7
1311,2903182,250.0,7
1312,2903185,200.0,7
1313,2903158,200.0,3
1314,2903089,200.0,7
1315,2898935,200.0,7
1316,2902668,200.0,7
1317,2902921,200.0,7
1318,2902702,200.0,7
1319,2902928,200.0,7
1320,2901790,250.0,9
1321,2903102,250.0,7
1322,2903021,200.0,7
1323,2902666,200.0,7
1324,2902405,200.0,7
1325,2902804,400.0,7
1326,2903189,500.0,7
1327,2902920,200.0,7
1328,2902881,200.0,7
1329,2901418,250.0,9
1330,2895551,250.0,7
1331,2902891,200.0,7
1332,2901498,420.0,5
1333,2901506,2535.0,10
1334,2902619,200.0,7
1335,2902699,290.0,7
1336,2901496,200.0,7
1337,2901821,200.0,7
1338,2902963,200.0,7
1339,2902753,600.0,7
1340,2902608,300.0,7
1341,2902713,350.0,7
1342,2902791,200.0,7
1343,2902622,300.0,7
1344,2901327,200.0,7
1345,2902656,345.0,7
1346,2902763,200.0,7
1347,2902564,200.0,7
1348,2902761,200.0,7
1349,2902840,400.0,5
1350,2901307,600.0,10
1351,2902693,250.0,7
1352,2902627,200.0,3
1353,2902393,475.0,10
1354,2899127,250.0,7
1355,2902510,200.0,7
1356,2902189,200.0,7
1357,2901260,350.0,5
1358,2902691,200.0,7
1359,2901785,500.0,2
1360,2902482,200.0,7
1361,2901557,200.0,7
1362,2902315,200.0,7
1363,2902491,200.0,7
1364,2902423,300.0,7
1365,2902744,360.0,5
1366,2902389,725.0,7
1367,2902398,200.0,7
1368,2901568,1200.0,10
1369,2902574,325.0,7
1370,2902480,245.0,3
1371,2902719,200.0,7
1372,2901177,200.0,7
1373,2902443,200.0,7
1374,2902562,200.0,7
1375,2902308,250.0,7
1376,2901131,300.0,2
1377,2902485,200.0,7
1378,2902410,300.0,7
1379,2900731,250.0,9
1380,2902231,200.0,7
1381,2902422,200.0,7
1382,2901023,200.0,7
1383,2902554,675.0,10
1384,2902394,200.0,7
1385,2902171,400.0,7
1386,2902281,1750.0,10
1387,2902211,200.0,7
1388,2902436,200.0,6
1389,2902418,300.0,5
1390,2901947,200.0,7
1391,2901974,250.0,7
1392,2902013,200.0,7
1393,2902268,300.0,7
1394,2902305,200.0,7
1395,2901584,200.0,7
1396,2900686,250.0,9
1397,2901895,300.0,3
1398,2901728,250.0,7
1399,2902339,300.0,7
1400,2902153,250.0,9
1401,2900911,200.0,7
1402,2900916,200.0,7
1403,2901978,200.0,7
1404,2902300,400.0,7
1405,2902426,300.0,7
1406,2900861,300.0,7
1407,2900961,200.0,7
1408,2902076,200.0,7
1409,2900827,200.0,7
1410,2902233,220.0,7
1411,2902378,500.0,5
1412,2902074,250.0,7
1413,2901664,550.0,5
1414,2902383,200.0,7
1415,2901872,200.0,7
1416,2900864,200.0,7
1417,2902030,305.0,5
1418,2901563,375.0,7
1419,2900299,200.0,7
1420,2901582,420.0,5
1421,2902181,200.0,7
1422,2897710,540.0,10
1423,2902184,200.0,7
1424,2902202,200.0,3
1425,2902155,225.0,7
1426,2902057,540.0,10
1427,2902014,200.0,3
1428,2902161,300.0,7
1429,2901880,305.0,7
1430,2902086,300.0,7
1431,2902087,1150.0,9
1432,2901642,290.0,7
1433,2902224,200.0,7
1434,2901889,200.0,7
1435,2902103,200.0,7
1436,2902016,200.0,7
1437,2901382,200.0,7
1438,2901946,250.0,7
1439,2902110,200.0,7
1440,2901939,200.0,7
1441,2901606,250.0,7
1442,2902101,240.0,6
1443,2902274,200.0,7
1444,2902088,200.0,7
1445,2902037,300.0,7
1446,2901900,300.0,5
1447,2902053,200.0,3
1448,2902045,200.0,7
1449,2901848,300.0,7
1450,2901845,200.0,7
1451,2901991,200.0,7
1452,2901660,200.0,7
1453,2902005,200.0,7
1454,2901977,200.0,7
1455,2902078,400.0,7
1456,2902131,200.0,7
1457,2902050,250.0,9
1458,2898942,500.0,9
1459,2900730,300.0,2
1460,2900812,200.0,7
1461,2901532,200.0,7
1462,2901781,250.0,7
1463,2901972,225.0,7
1464,2901593,800.0,7
1465,2901971,300.0,3
1466,2902108,300.0,5
1467,2901933,300.0,7
1468,2901925,200.0,3
1469,2901581,300.0,7
1470,2901884,200.0,7
1471,2901919,200.0,7
1472,2898806,250.0,7
1473,2901694,200.0,7
1474,2901719,300.0,7
1475,2901944,400.0,7
1476,2901669,200.0,7
1477,2901853,200.0,7
1478,2901827,400.0,7
1479,2901594,300.0,7
1480,2899126,250.0,5
1481,2899108,300.0,7
1482,2901769,300.0,7
1483,2901671,520.0,9
1484,2901257,250.0,7
1485,2901546,340.0,7
1486,2901858,250.0,7
1487,2900877,300.0,7
1488,2901015,250.0,7
1489,2901338,300.0,7
1490,2901687,200.0,7
1491,2898663,200.0,7
1492,2901778,200.0,7
1493,2901426,300.0,7
1494,2901449,200.0,7
1495,2900269,200.0,7
1496,2901520,200.0,7
1497,2901682,200.0,7
1498,2901757,305.0,5
1499,2901019,280.0,7
1500,2901278,550.0,6
1501,2901634,300.0,7
1502,2900528,200.0,7
1503,2901547,200.0,5
1504,2901524,350.0,3
1505,2901331,200.0,7
1506,2900849,250.0,7
1507,2901419,200.0,7
1508,2901384,410.0,7
1509,2898234,200.0,7
1510,2901545,200.0,7
1511,2901443,200.0,7
1512,2901633,305.0,7
1513,2901693,250.0,10
1514,2901092,300.0,7
1515,2901217,275.0,9
1516,2901272,725.0,7
1517,2900004,200.0,7
1518,2901293,300.0,7
1519,2901407,250.0,7
1520,2901304,200.0,7
1521,2901326,200.0,7
1522,2900964,300.0,7
1523,2901151,200.0,7
1524,2901225,200.0,7
1525,2900590,300.0,7
1526,2899349,900.0,10
1527,2901174,200.0,7
1528,2893535,200.0,7
1529,2901105,200.0,7
1530,2901147,500.0,9
1531,2901114,1150.0,9
1532,2901158,200.0,7
1533,2901329,300.0,7
1534,2901289,750.0,7
1535,2900973,200.0,7
1536,2900858,400.0,7
1537,2900866,200.0,7
1538,2901078,200.0,5
1539,2901236,200.0,7
1540,2901237,200.0,3
1541,2899669,200.0,7
1542,2901143,200.0,7
1543,2901249,360.0,10
1544,2901271,300.0,7
1545,2899889,350.0,7
1546,2901238,200.0,7
1547,2899366,200.0,7
1548,2900430,200.0,7
1549,2901275,200.0,7
1550,2901215,300.0,7
1551,2901140,200.0,7
1552,2901063,200.0,7
1553,2900892,200.0,7
1554,2900482,300.0,7
1555,2901077,700.0,7
1556,2901154,300.0,7
1557,2901186,200.0,7
1558,2901171,200.0,7
1559,2901090,585.0,10
1560,2901080,200.0,7
1561,2900991,200.0,7
1562,2899762,200.0,7
1563,2901096,200.0,7
1564,2901128,200.0,7
1565,2901208,200.0,7
1566,2901082,250.0,7
1567,2900192,200.0,7
1568,2900420,200.0,7
1569,2900783,200.0,7
1570,2900883,240.0,10
1571,2894818,600.0,7
1572,2900971,200.0,7
1573,2900777,230.0,5
1574,2900202,200.0,7
1575,2900843,400.0,7
1576,2900999,250.0,7
1577,2901003,420.0,7
1578,2900806,300.0,7
1579,2900820,300.0,7
1580,2900770,200.0,6
1581,2900804,200.0,7
1582,2900955,200.0,7
1583,2900333,200.0,6
1584,2900664,330.0,5
1585,2900915,600.0,7
1586,2899768,200.0,7
1587,2900779,950.0,7
1588,2900594,300.0,7
1589,2900889,200.0,7
1590,2900665,225.0,7
1591,2899487,540.0,10
1592,2900860,420.0,7
1593,2899826,200.0,7
1594,2900505,200.0,7
1595,2900679,200.0,7
1596,2900823,200.0,7
1597,2900786,225.0,7
1598,2900822,200.0,3
1599,2900214,250.0,7
1600,2899262,400.0,7
1601,2900448,1000.0,9
1602,2900289,300.0,7
1603,2900667,200.0,7
1604,2900681,200.0,7
1605,2900754,200.0,7
1606,2899161,300.0,7
1607,2900683,200.0,7
1608,2900534,200.0,7
1609,2892264,1150.0,10
1610,2892432,650.0,5
1611,2892491,600.0,7
1612,2892759,600.0,7
1613,2892885,600.0,7
1614,2893018,600.0,7
1615,2895022,600.0,7
1616,2896301,1000.0,10
1617,2896321,900.0,7
1618,2896385,1000.0,10
1619,2896483,700.0,7
1620,2897494,600.0,7
1621,2897516,900.0,7
1622,2897590,700.0,7
1623,2897810,600.0,7
1624,2898860,650.0,10
1625,2898938,690.0,7
1626,2898956,755.0,7
1627,2899043,550.0,6
1628,2899094,650.0,3
1629,2899690,600.0,7
1630,2899778,700.0,7
1631,2900036,800.0,7
1632,2900047,650.0,7
1633,2900274,650.0,5
1634,2900076,200.0,7
1635,2900893,250.0,5
1636,2899557,200.0,7
1637,2897404,200.0,7
1638,2894367,200.0,7
1639,2900471,720.0,5
1640,2900522,300.0,7
1641,2900511,500.0,5
1642,2899934,200.0,7
1643,2900676,200.0,7
1644,2898940,200.0,7
1645,2899822,200.0,7
1646,2899057,200.0,7
1647,2900597,200.0,7
1648,2900670,300.0,7
1649,2900321,245.0,7
1650,2900558,200.0,7
1651,2900145,200.0,7
1652,2898163,240.0,7
1653,2900092,200.0,7
1654,2900212,200.0,7
1655,2900243,200.0,7
1656,2900002,250.0,7
1657,2900034,245.0,7
1658,2900441,200.0,7
1659,2900415,300.0,7
1660,2900431,265.0,7
1661,2900423,200.0,7
1662,2900362,400.0,7
1663,2899772,200.0,7
1664,2900411,400.0,7
1665,2900391,220.0,7
1666,2900312,200.0,7
1667,2900052,300.0,7
1668,2898770,200.0,7
1669,2900115,200.0,7
1670,2900253,475.0,9
1671,2899966,200.0,7
1672,2900075,300.0,3
1673,2900232,300.0,7
1674,2900059,200.0,7
1675,2900288,650.0,7
1676,2899703,300.0,7
1677,2900223,200.0,5
1678,2900293,300.0,7
1679,2898575,200.0,5
1680,2900276,200.0,7
1681,2899720,200.0,7
1682,2899947,300.0,7
1683,2900204,300.0,7
1684,2899260,375.0,7
1685,2900039,200.0,3
1686,2900071,200.0,7
1687,2900054,200.0,7
1688,2895650,300.0,7
1689,2900197,350.0,7
1690,2900181,200.0,3
1691,2897683,300.0,7
1692,2900185,200.0,7
1693,2900025,200.0,5
1694,2900158,300.0,7
1695,2898265,200.0,7
1696,2899332,500.0,7
1697,2897819,200.0,7
1698,2899663,250.0,7
1699,2900264,300.0,7
1700,2898514,200.0,7
1701,2899598,200.0,7
1702,2894746,600.0,7
1703,2899990,250.0,7
1704,2899272,200.0,7
1705,2899531,300.0,7
1706,2896167,250.0,7
1707,2898405,250.0,7
1708,2899541,200.0,6
1709,2899244,250.0,7
1710,2899883,200.0,7
1711,2898553,300.0,10
1712,2900196,200.0,3
1713,2899919,300.0,7
1714,2899979,420.0,9
1715,2897304,200.0,7
1716,2899858,200.0,7
1717,2898376,300.0,7
1718,2899668,200.0,7
1719,2899499,200.0,3
1720,2899809,200.0,5
1721,2899977,420.0,5
1722,2899537,300.0,7
1723,2899049,250.0,7
1724,2899821,200.0,7
1725,2899780,200.0,7
1726,2898307,300.0,10
1727,2899897,375.0,5
1728,2899037,200.0,7
1729,2899965,200.0,7
1730,2899543,200.0,7
1731,2898232,1050.0,7
1732,2899575,1200.0,7
1733,2899287,200.0,7
1734,2899546,200.0,7
1735,2899748,200.0,7
1736,2899886,200.0,10
1737,2899619,300.0,7
1738,2899474,250.0,7
1739,2898586,400.0,7
1740,2899644,210.0,7
1741,2899648,200.0,7
1742,2899671,250.0,7
1743,2899053,400.0,7
1744,2899501,200.0,7
1745,2897773,1200.0,10
1746,2899314,200.0,7
1747,2899491,300.0,7
1748,2899486,1050.0,9
1749,2899378,300.0,7
1750,2899864,200.0,7
1751,2899637,200.0,7
1752,2898918,200.0,7
1753,2899551,250.0,7
1754,2899298,200.0,7
1755,2899297,250.0,7
1756,2899185,400.0,7
1757,2897637,200.0,7
1758,2897664,200.0,3
1759,2899210,200.0,7
1760,2899544,200.0,7
1761,2899625,200.0,7
1762,2897073,300.0,7
1763,2899371,250.0,9
1764,2899205,400.0,7
1765,2891327,1200.0,10
1766,2897571,200.0,7
1767,2898758,750.0,9
1768,2899706,250.0,9
1769,2899312,200.0,7
1770,2899463,200.0,7
1771,2899470,250.0,7
1772,2899132,200.0,7
1773,2899048,200.0,7
1774,2899493,200.0,7
1775,2899248,200.0,7
1776,2898037,260.0,7
1777,2898978,400.0,6
1778,2896492,200.0,7
1779,2894475,200.0,5
1780,2899387,400.0,7
1781,2898721,250.0,7
1782,2899131,200.0,7
1783,2899465,200.0,5
1784,2899240,200.0,7
1785,2897360,500.0,7
1786,2899295,250.0,9
1787,2899202,200.0,7
1788,2899305,425.0,7
1789,2899304,470.0,7
1790,2899109,200.0,7
1791,2898933,300.0,7
1792,2898728,300.0,7
1793,2899266,250.0,7
1794,2899507,200.0,7
1795,2898096,200.0,7
1796,2896792,200.0,7
1797,2897465,240.0,6
1798,2892629,200.0,7
1799,2899163,300.0,7
1800,2898568,200.0,7
1801,2899073,200.0,7
1802,2898759,200.0,7
1803,2899331,300.0,7
1804,2894984,800.0,10
1805,2899271,250.0,5
1806,2899018,1000.0,9
1807,2898962,400.0,7
1808,2899024,200.0,7
1809,2899129,200.0,7
1810,2898990,200.0,5
1811,2898807,380.0,7
1812,2898112,300.0,7
1813,2899038,300.0,2
1814,2898946,200.0,7
1815,2897904,200.0,7
1816,2895165,600.0,10
1817,2898658,200.0,7
1818,2897352,300.0,7
1819,2897500,300.0,2
1820,2899026,200.0,7
1821,2899058,300.0,7
1822,2899032,335.0,7
1823,2899055,200.0,3
1824,2899198,500.0,9
1825,2898641,250.0,5
1826,2898765,500.0,9
1827,2896005,200.0,7
1828,2894469,540.0,10
1829,2897222,330.0,5
1830,2899014,200.0,7
1831,2899081,200.0,7
1832,2896916,200.0,5
1833,2892325,200.0,7
1834,2899097,200.0,7
1835,2898701,245.0,7
1836,2898810,250.0,7
1837,2899098,200.0,7
1838,2898781,250.0,7
1839,2898628,200.0,7
1840,2898974,200.0,7
1841,2899072,250.0,7
1842,2898462,200.0,7
1843,2898610,200.0,7
1844,2898790,200.0,7
1845,2892811,200.0,7
1846,2898649,200.0,7
1847,2898907,200.0,7
1848,2897131,300.0,7
1849,2898856,200.0,7
1850,2897720,200.0,7
1851,2898573,200.0,7
1852,2896839,350.0,7
1853,2890873,250.0,7
1854,2895581,300.0,7
1855,2898970,200.0,7
1856,2898968,210.0,7
1857,2898594,430.0,7
1858,2898803,200.0,5
1859,2898676,200.0,7
1860,2898523,200.0,7
1861,2897705,750.0,7
1862,2898447,290.0,9
1863,2898440,1000.0,7
1864,2898459,550.0,7
1865,2897763,300.0,7
1866,2898709,250.0,7
1867,2898445,200.0,7
1868,2897999,200.0,7
1869,2897755,300.0,7
1870,2898705,300.0,7
1871,2898235,200.0,7
1872,2898713,250.0,7
1873,2898748,200.0,7
1874,2898671,200.0,7
1875,2898848,200.0,7
1876,2896614,540.0,10
1877,2898505,200.0,7
1878,2897318,200.0,7
1879,2898647,200.0,7
1880,2898269,200.0,7
1881,2898555,200.0,7
1882,2898622,200.0,7
1883,2896701,1300.0,10
1884,2898473,200.0,7
1885,2898177,300.0,7
1886,2898632,355.0,7
1887,2898375,200.0,7
1888,2898597,200.0,7
1889,2898835,330.0,5
1890,2895858,390.0,7
1891,2896558,200.0,7
1892,2898627,250.0,7
1893,2898176,475.0,9
1894,2898604,300.0,3
1895,2898730,200.0,6
1896,2896721,420.0,7
1897,2896693,200.0,7
1898,2898533,300.0,7
1899,2898442,300.0,7
1900,2898536,250.0,5
1901,2898495,200.0,7
1902,2898489,200.0,7
1903,2898266,300.0,7
1904,2898476,200.0,7
1905,2898427,200.0,7
1906,2898450,200.0,7
1907,2898115,250.0,7
1908,2898483,200.0,7
1909,2898320,200.0,7
1910,2898078,200.0,7
1911,2898321,250.0,3
1912,2898184,200.0,7
1913,2898353,300.0,7
1914,2897742,500.0,7
1915,2897641,200.0,7
1916,2898426,200.0,7
1917,2893695,500.0,5
1918,2898260,250.0,3
1919,2897564,200.0,7
1920,2898257,200.0,7
1921,2897265,200.0,7
1922,2898403,200.0,7
1923,2897297,250.0,7
1924,2898396,200.0,7
1925,2897681,300.0,7
1926,2898368,200.0,7
1927,2898202,300.0,7
1928,2898349,200.0,7
1929,2896756,200.0,7
1930,2898158,200.0,7
1931,2898343,200.0,7
1932,2898083,300.0,7
1933,2898193,200.0,7
1934,2897902,500.0,7
1935,2898079,200.0,5
1936,2898337,200.0,7
1937,2898292,200.0,7
1938,2896994,200.0,7
1939,2897161,750.0,9
1940,2898156,250.0,7
1941,2898008,200.0,7
1942,2896587,200.0,7
1943,2897607,480.0,7
1944,2898219,200.0,7
1945,2894639,200.0,7
1946,2897314,300.0,7
1947,2898071,230.0,7
1948,2897879,200.0,7
1949,2407968,200.0,7
1950,2898253,300.0,7
1951,2898118,300.0,2
1952,2893879,200.0,7
1953,2897327,500.0,9
1954,2897555,200.0,7
1955,2897084,540.0,10
1956,2898182,300.0,7
1957,2898160,200.0,7
1958,2898033,200.0,7
1959,2896767,500.0,5
1960,2898003,200.0,3
1961,2898110,200.0,7
1962,2897823,200.0,7
1963,2897938,250.0,7
1964,2897505,200.0,7
1965,2898277,200.0,3
1966,2897831,400.0,5
1967,2898085,200.0,7
1968,2897679,300.0,7
1969,2897476,300.0,7
1970,2897132,300.0,7
1971,2898005,200.0,7
1972,2898048,500.0,7
1973,2898027,200.0,7
1974,2897891,750.0,7
1975,2897898,200.0,7
1976,2893837,300.0,7
1977,2897741,200.0,7
1978,2897911,200.0,7
1979,2897744,300.0,7
1980,2898001,200.0,7
1981,2897753,300.0,7
1982,2407596,200.0,7
1983,2897939,725.0,7
1984,2897649,270.0,7
1985,2897606,200.0,7
1986,2897605,300.0,7
1987,2897592,200.0,7
1988,2897009,300.0,7
1989,2898091,200.0,7
1990,2897817,230.0,7
1991,2897719,230.0,7
1992,2897673,550.0,7
1993,2897495,200.0,7
1994,2897750,200.0,7
1995,2897323,300.0,7
1996,2897873,200.0,7
1997,2896804,200.0,3
1998,2897451,250.0,7
1999,2897936,200.0,7
2000,2897552,200.0,7
2001,2896878,200.0,7
2002,2897768,200.0,7
2003,2897645,250.0,7
2004,2897977,300.0,7
2005,2895352,200.0,7
2006,2896616,200.0,7
2007,2896623,300.0,7
2008,2897866,300.0,7
2009,2897011,300.0,7
2010,2896944,800.0,7
2011,2897603,250.0,7
2012,2897615,200.0,7
2013,2896824,200.0,7
2014,2897602,250.0,5
2015,2897269,260.0,7
2016,2895971,350.0,7
2017,2896063,200.0,7
2018,2897338,200.0,7
2019,2897124,200.0,7
2020,2897625,250.0,7
2021,2897588,400.0,7
2022,2897802,300.0,7
2023,2897548,200.0,7
2024,2895417,200.0,7
2025,2895424,300.0,7
2026,2897239,200.0,7
2027,2896629,250.0,5
2028,2893553,200.0,7
2029,2897591,200.0,7
2030,2897492,200.0,7
2031,2896572,300.0,7
2032,2897566,200.0,7
2033,2894883,300.0,2
2034,2895274,200.0,7
2035,2897501,200.0,7
2036,2897713,200.0,7
2037,2897442,200.0,7
2038,2897450,965.0,7
2039,2896737,200.0,7
2040,2897234,200.0,3
2041,2897471,300.0,7
2042,2897118,200.0,7
2043,2896706,200.0,7
2044,2896338,360.0,10
2045,2897322,350.0,7
2046,2897053,200.0,7
2047,2897158,200.0,7
2048,2897143,200.0,7
2049,2897296,200.0,7
2050,2896951,200.0,7
2051,2895379,200.0,7
2052,2897554,300.0,7
2053,2897250,200.0,7
2054,2896585,480.0,10
2055,2897316,200.0,7
2056,2896741,700.0,7
2057,2897264,260.0,7
2058,2896789,700.0,7
2059,2897482,200.0,7
2060,2897083,300.0,7
2061,2894929,200.0,7
2062,2895805,220.0,7
2063,2897017,300.0,7
2064,2897065,200.0,7
2065,2896829,250.0,5
2066,2894337,200.0,7
2067,2894763,200.0,3
2068,2895639,330.0,7
2069,2897015,200.0,7
2070,2897078,200.0,7
2071,2897129,200.0,7
2072,2897091,200.0,5
2073,2896716,300.0,7
2074,2896713,300.0,7
2075,2896732,200.0,7
2076,2896108,300.0,7
2077,2896656,300.0,7
2078,2897040,200.0,7
2079,2893987,200.0,7
2080,2896884,250.0,7
2081,2896822,200.0,6
2082,2896451,200.0,7
2083,2894261,400.0,7
2084,2896932,350.0,2
2085,2896983,200.0,5
2086,2896958,200.0,5
2087,2896405,540.0,10
2088,2894598,200.0,7
2089,2896941,200.0,7
2090,2897167,200.0,7
2091,2896925,230.0,3
2092,2896426,200.0,7
2093,2894122,200.0,7
2094,2896750,200.0,7
2095,2896326,200.0,7
2096,2894015,1000.0,10
2097,2894413,200.0,7
2098,2896398,250.0,7
2099,2894781,200.0,7
2100,2896672,300.0,7
2101,2896674,480.0,2
2102,2896781,200.0,7
2103,2896772,250.0,7
2104,2896905,200.0,7
2105,2894517,200.0,7
2106,2896093,200.0,7
2107,2894456,200.0,7
2108,2896752,250.0,5
2109,2894198,200.0,7
2110,2896698,720.0,5
2111,2894804,200.0,7
2112,2896569,200.0,7
2113,2895703,200.0,7
2114,2896606,350.0,7
2115,2896699,200.0,7
2116,2894166,200.0,7
2117,2892706,300.0,7
2118,2896694,230.0,7
2119,2896691,200.0,7
2120,2896869,400.0,7
2121,2895048,200.0,7
2122,2896454,300.0,7
2123,2896229,300.0,7
2124,2896455,300.0,7
2125,2892778,1420.0,10
2126,2896541,300.0,7
2127,2896645,220.0,7
2128,2894368,250.0,7
2129,2892596,230.0,7
2130,2892779,200.0,7
2131,2893478,350.0,7
2132,2893523,200.0,7
2133,2893773,200.0,7
2134,2894144,200.0,7
2135,2896225,200.0,7
2136,2894179,250.0,9
2137,2895018,330.0,5
2138,2892474,200.0,3
2139,2895046,200.0,6
2140,2896461,200.0,7
2141,2896056,420.0,7
2142,2896351,250.0,7
2143,2896578,300.0,2
2144,2896135,250.0,7
2145,2896350,500.0,7
2146,2895937,250.0,7
2147,2896147,200.0,7
2148,2896249,350.0,7
2149,2896300,300.0,7
2150,2896456,200.0,7
2151,2896176,250.0,7
2152,2895405,300.0,7
2153,2896697,250.0,7
2154,2896740,200.0,7
2155,2895986,300.0,7
2156,2896312,750.0,9
2157,2896404,250.0,7
2158,2896459,300.0,7
2159,2896148,600.0,7
2160,2896502,200.0,7
2161,2893665,200.0,7
2162,2896416,200.0,7
2163,2896409,200.0,7
2164,2896080,340.0,7
2165,2895876,200.0,7
2166,2895216,730.0,7
2167,2895740,210.0,7
2168,2894357,200.0,10
2169,2894531,200.0,7
2170,2895112,200.0,7
2171,2896116,200.0,7
2172,2894025,220.0,7
2173,2894305,200.0,7
2174,2895860,230.0,7
2175,2896400,300.0,5
2176,2896146,220.0,7
2177,2896345,300.0,7
2178,2896060,220.0,7
2179,2896353,200.0,7
2180,2895923,300.0,7
2181,2893369,200.0,7
2182,2896528,200.0,5
2183,2896333,200.0,7
2184,2896040,200.0,7
2185,2896124,200.0,7
2186,2895217,200.0,7
2187,2895693,300.0,9
2188,2895476,780.0,10
2189,2894953,300.0,2
2190,2893698,540.0,10
2191,2894523,200.0,7
2192,2896271,200.0,7
2193,2896107,200.0,7
2194,2895995,330.0,5
2195,2896092,200.0,3
2196,2896173,200.0,7
2197,2895903,200.0,7
2198,2896081,200.0,7
2199,2895368,300.0,7
2200,2896100,200.0,7
2201,2895927,200.0,7
2202,2895642,250.0,7
2203,2895612,200.0,7
2204,2895356,200.0,7
2205,2895753,250.0,7
2206,2896083,200.0,7
2207,2896038,200.0,7
2208,2895444,300.0,7
2209,2895123,200.0,6
2210,2895766,250.0,7
2211,2894117,540.0,10
2212,2895472,300.0,7
2213,2895254,200.0,7
2214,2896121,200.0,7
2215,2896206,250.0,7
2216,2896263,200.0,7
2217,2895757,200.0,10
2218,2895932,200.0,7
2219,2896069,200.0,7
2220,2895895,200.0,7
2221,2895894,300.0,7
2222,2894813,300.0,7
2223,2895875,300.0,7
2224,2896068,200.0,7
2225,2895869,200.0,5
2226,2895863,300.0,7
2227,2895866,200.0,7
2228,2895681,200.0,7
2229,2895670,200.0,7
2230,2895389,300.0,7
2231,2893444,300.0,7
2232,2894876,200.0,7
2233,2895841,350.0,7
2234,2895371,200.0,7
2235,2895648,220.0,7
2236,2896017,240.0,10
2237,2895423,250.0,7
2238,2895269,200.0,7
2239,2894443,250.0,7
2240,2895443,200.0,7
2241,2895283,200.0,7
2242,2895416,200.0,7
2243,2895343,250.0,7
2244,2895442,200.0,7
2245,2894875,300.0,10
2246,2895530,200.0,7
2247,2895415,540.0,10
2248,2895114,350.0,7
2249,2895483,200.0,3
2250,2894790,250.0,7
2251,2895888,250.0,7
2252,2895214,200.0,7
2253,2895059,200.0,3
2254,2895200,300.0,7
2255,2894622,200.0,7
2256,2895204,300.0,7
2257,2895250,200.0,7
2258,2895273,200.0,5
2259,2895758,200.0,7
2260,2894730,200.0,5
2261,2895696,390.0,7
2262,2892644,200.0,7
2263,2895677,400.0,7
2264,2894481,200.0,7
2265,2895256,200.0,7
2266,2895086,250.0,7
2267,2894101,200.0,7
2268,2895034,520.0,7
2269,2895193,250.0,7
2270,2894939,200.0,5
2271,2895202,300.0,7
2272,2895111,200.0,7
2273,2895102,200.0,7
2274,2895096,200.0,7
2275,2895326,250.0,7
2276,2894437,250.0,7
2277,2895131,200.0,7
2278,2894859,200.0,7
2279,2894995,200.0,7
2280,2894628,250.0,7
2281,2894658,200.0,7
2282,2892992,200.0,7
2283,2895286,200.0,7
2284,2895039,600.0,7
2285,2895033,200.0,7
2286,2894754,200.0,7
2287,2894867,300.0,7
2288,2894976,200.0,7
2289,2892388,4140.0,6
2290,2892841,200.0,7
2291,2893965,200.0,7
2292,2893700,200.0,7
2293,2894164,250.0,7
2294,2894439,200.0,7
2295,2894938,300.0,7
2296,2893807,200.0,7
2297,2894077,300.0,7
2298,2894614,280.0,7
2299,2894514,200.0,7
2300,2891669,210.0,7
2301,2894463,200.0,7
2302,2894971,200.0,7
2303,2893877,200.0,7
2304,2894792,250.0,7
2305,2894751,200.0,7
2306,2895211,300.0,7
2307,2894602,260.0,5
2308,2894772,200.0,7
2309,2894364,200.0,7
2310,2894954,500.0,7
2311,2894673,200.0,7
2312,2894530,200.0,7
2313,2894248,200.0,7
2314,2893860,200.0,7
2315,2894441,200.0,7
2316,2894510,200.0,7
2317,2894221,200.0,7
2318,2893541,200.0,7
2319,2894182,200.0,7
2320,2894494,230.0,7
2321,2893730,200.0,7
2322,2894549,200.0,7
2323,2894467,200.0,7
2324,2894353,200.0,7
2325,2893274,300.0,7
2326,2894283,350.0,7
2327,2894497,400.0,7
2328,2893951,800.0,10
2329,2894430,200.0,7
2330,2894181,200.0,7
2331,2894158,200.0,7
2332,2893996,300.0,7
2333,2894127,200.0,7
2334,2894361,200.0,7
2335,2892011,390.0,7
2336,2894340,210.0,7
2337,2894131,200.0,7
2338,2893840,2900.0,9
2339,2893938,250.0,7
2340,2893830,290.0,3
2341,2893467,200.0,3
2342,2894219,200.0,7
2343,2894141,250.0,7
2344,2894189,200.0,5
2345,2893892,230.0,7
2346,2894113,200.0,7
2347,2894215,250.0,7
2348,2893272,310.0,7
2349,2893970,200.0,7
2350,2894063,200.0,7
2351,2894145,200.0,7
2352,2894094,250.0,7
2353,2893870,250.0,7
2354,2893838,200.0,5
2355,2893915,200.0,7
2356,2893800,300.0,7
2357,2894399,250.0,5
2358,2894092,200.0,7
2359,2894045,200.0,7
2360,2894107,200.0,7
2361,2894089,300.0,7
2362,2893705,300.0,7
2363,2894005,240.0,7
2364,2894076,200.0,7
2365,2894202,200.0,7
2366,2893949,250.0,9
2367,2893950,250.0,9
2368,2893997,200.0,7
2369,2893829,200.0,7
2370,2893757,300.0,7
2371,2893917,250.0,7
2372,2893916,200.0,7
2373,2893835,600.0,10
2374,2893564,200.0,7
2375,2893356,200.0,7
2376,2893756,250.0,7
2377,2893842,1800.0,9
2378,2893858,300.0,7
2379,2893931,200.0,7
2380,2894030,250.0,7
2381,2893462,400.0,5
2382,2893967,200.0,7
2383,2893976,220.0,3
2384,2404329,200.0,7
2385,2893749,260.0,7
2386,2893451,230.0,7
2387,2893349,200.0,7
2388,2891813,900.0,9
2389,2892357,200.0,7
2390,2893632,200.0,7
2391,2893082,250.0,7
2392,2893708,200.0,7
2393,2893711,250.0,7
2394,2893713,200.0,7
2395,2893580,200.0,7
2396,2893758,200.0,7
2397,2892699,1000.0,9
2398,2893515,220.0,7
2399,2893083,200.0,7
2400,2893618,200.0,7
2401,2892851,200.0,7
2402,2893510,250.0,7
2403,2893556,200.0,7
2404,2893691,250.0,9
2405,2893868,200.0,5
2406,2893598,200.0,7
2407,2893845,300.0,7
2408,2893513,200.0,7
2409,2893778,555.0,9
2410,2893770,400.0,7
2411,2893694,200.0,7
2412,2893095,280.0,7
2413,2893763,300.0,2
2414,2893737,600.0,10
2415,2893380,250.0,5
2416,2893352,290.0,7
2417,2893626,200.0,7
2418,2893613,200.0,5
2419,2893373,300.0,2
2420,2893338,200.0,7
2421,2893616,300.0,7
2422,2892561,200.0,7
2423,2893538,200.0,7
2424,2893552,200.0,7
2425,2893505,200.0,7
2426,2893489,540.0,10
2427,2891458,200.0,3
2428,2892843,300.0,7
2429,2893578,200.0,7
2430,2893199,250.0,7
2431,2893583,250.0,3
2432,2893732,200.0,7
2433,2893456,200.0,7
2434,2892926,200.0,7
2435,2892438,300.0,7
2436,2893440,270.0,3
2437,2892864,300.0,7
2438,2893472,200.0,3
2439,2892953,200.0,7
2440,2893582,200.0,5
2441,2893558,400.0,7
2442,2893466,250.0,7
2443,2893418,300.0,9
2444,2892837,200.0,7
2445,2893197,250.0,7
2446,2893430,300.0,5
2447,2893450,200.0,7
2448,2892894,200.0,7
2449,2893423,250.0,7
2450,2892903,300.0,7
2451,2893172,250.0,7
2452,2893354,200.0,7
2453,2893168,200.0,7
2454,2893326,200.0,7
2455,2892611,900.0,9
2456,2893056,200.0,7
2457,2892673,420.0,5
2458,2892852,200.0,7
2459,2893565,200.0,7
2460,2893185,200.0,7
2461,2893043,200.0,7
2462,2892754,200.0,7
2463,2892646,300.0,7
2464,2892512,200.0,7
2465,2892967,200.0,7
2466,2893465,200.0,7
2467,2893115,200.0,10
2468,2892606,300.0,7
2469,2892815,250.0,7
2470,2893017,300.0,7
2471,2892730,300.0,7
2472,2892378,500.0,7
2473,2892708,420.0,5
2474,2892637,200.0,7
2475,2892833,200.0,7
2476,2892190,250.0,5
2477,2892869,300.0,10
2478,2892863,200.0,7
2479,2892763,475.0,9
2480,2893051,220.0,7
2481,2892546,200.0,7
2482,2892958,300.0,7
2483,2892642,400.0,9
2484,2892476,250.0,7
2485,2892553,200.0,7
2486,2892681,300.0,7
2487,2892607,300.0,7
2488,2892661,200.0,7
2489,2892417,200.0,7
2490,2892623,200.0,7
2491,2892588,200.0,7
2492,2892645,200.0,7
2493,2892688,500.0,5
2494,2892205,1000.0,10
2495,2892580,200.0,7
2496,2892709,300.0,7
2497,2892578,200.0,7
2498,2892506,200.0,7
2499,2892548,200.0,5
2500,2892707,200.0,7
